Name,Gender,Age,Occupation,ZIP-code
Isadore Ell,M,50,11,474
Tito Fowden,M,56,15,40
Letizia Grabham,F,18,17,339
Thorvald Le Count,M,25,18,41
Xavier Vallentine,M,18,0,756
Nissy Spanswick,F,35,15,830
Hi Sugars,M,1,2,54
Aldric Wolfarth,M,25,19,290
Jenn Garshore,F,1,17,146
Tripp Jencey,M,25,14,229
Nonah Cristofaro,F,50,17,111
Erma Schoenrock,F,50,2,460
Weber Vogeller,M,25,8,531
Carroll Blanko,F,35,2,950
Kirstin Breissan,F,1,18,967
Guthrie Bouts,M,18,18,80
Marlo Naper,M,1,2,782
Diena Domerq,F,1,3,577
Wileen Dodimead,F,18,15,772
Regan Chivrall,M,50,17,944
Esma Dillow,F,35,12,906
Gustavo Hollyard,M,1,17,837
Fielding Heindrich,M,50,0,235
Harcourt Rodda,M,50,4,969
Bordie Shelly,M,25,2,582
Adoree Grise,F,25,14,173
Greer Jobson,F,50,12,371
Sibby Cluitt,F,56,4,336
Langston Sustins,M,35,5,312
Betteann Whitley,F,50,19,527
Lawrence Dallyn,M,35,12,221
Odelinda Pinks,F,35,9,958
Milty Sleep,M,45,16,24
Templeton Bazoge,M,35,15,405
Gabby Critchlow,M,25,12,79
Kandy Mineghelli,F,35,4,944
Al Biddle,M,18,17,284
Bathsheba Danilovitch,F,45,4,382
Heriberto Bulleyn,M,25,4,417
Franklyn Curbishley,M,18,18,212
Maurita Creddon,F,25,14,144
Jan McMickan,M,56,9,952
Caitlin Hug,F,50,13,441
Scotti Seth,M,50,11,596
Edmund Freebury,M,18,1,915
Nikita Urien,M,25,2,230
Bruno Magill,M,56,12,756
Laney Casiroli,M,1,5,972
Ossie Klousner,M,35,4,235
Quintus Perocci,M,50,4,481
